WigleWifi-1.4,appRelease=2.25,model=LG-D855,release=6.0,device=g3,display=MRA58K,board=MSM8974,brand=lge
MAC,SSID,AuthMode,FirstSeen,Channel,RSSI,CurrentLatitude,CurrentLongitude,AltitudeMeters,AccuracyMeters,Type
00:02:6f:8e:64:67,,[ESS],2017-11-02 08:42:38,1,-86,32.10291601,35.19851196,670,18,WIFI
f8:e9:03:0e:9a:d4,PasNET 5G,[WPA2-PSK-CCMP][ESS],2017-11-02 08:42:44,60,-89,32.10292309,35.19847713,688,12,WIFI
04:a1:51:c4:5d:50,dana,[WEP][ESS],2017-11-02 08:42:48,1,-72,32.10293911,35.19861672,648,8,WIFI
f8:e9:03:0e:9a:d3,PASNET 2.4G,[WPA2-PSK-CCMP][ESS],2017-11-02 08:42:48,9,-74,32.10293911,35.19861672,648,8,WIFI
f8:e9:03:0e:9a:d4,PasNET 5G,[WPA2-PSK-CCMP][ESS],2017-11-02 08:42:48,60,-83,32.10293911,35.19861672,648,8,WIFI
22:16:d8:b9:f9:9a,DIRECT-2OEVGENIAmsWQ,[WPA2-PSK-CCMP][WPS][ESS],2017-11-02 08:42:48,6,-74,32.10293911,35.19861672,648,8,WIFI
c4:12:f5:84:74:ea,No Free WiFi For You_5,[WPA2-PSK-CCMP][ESS],2017-11-02 08:42:48,48,-84,32.10293911,35.19861672,648,8,WIFI
3c:1e:04:09:2e:bd,hanid_2.4_5,[WPA2-PSK-CCMP][ESS],2017-11-02 08:42:48,48,-88,32.10293911,35.19861672,648,8,WIFI
e8:fc:af:9d:c5:87,MyNet_BB_5,[WPA2-PSK-CCMP][WPS][ESS],2017-11-02 08:42:48,60,-88,32.10293911,35.19861672,648,8,WIFI
04:a1:51:c4:5d:50,dana,[WEP][ESS],2017-11-02 08:42:50,1,-66,32.10309342,35.19875206,640,7,WIFI
60:e3:27:a7:6f:3a,BUFU,[WPA2-PSK-CCMP][WPS][ESS],2017-11-02 08:42:50,2,-71,32.10309342,35.19875206,640,7,WIFI
e4:6f:13:72:42:9a,Oshritel7,[WPA2-PSK-CCMP][ESS],2017-11-02 08:42:50,11,-74,32.10309342,35.19875206,640,7,WIFI
6a:12:f5:84:6d:10,BezeqFree,[WPA2-PSK-CCMP][ESS],2017-11-02 08:42:50,3,-77,32.10309342,35.19875206,640,7,WIFI
c4:12:f5:84:74:eb,No Free WiFi For You,[WPA2-PSK-CCMP][ESS],2017-11-02 08:42:50,5,-77,32.10309342,35.19875206,640,7,WIFI
c4:12:f5:84:6d:13,Ira1,[WPA2-PSK-CCMP][ESS],2017-11-02 08:42:50,3,-79,32.10309342,35.19875206,640,7,WIFI
20:4e:7f:23:f5:13,Nezeq_benleumi,[WPA2-PSK-CCMP][WPS][ESS],2017-11-02 08:42:50,11,-79,32.10309342,35.19875206,640,7,WIFI
10:5a:f7:0f:10:a2,Dana_5,[WPA2-PSK-CCMP][ESS],2017-11-02 08:42:50,52,-88,32.10309342,35.19875206,640,7,WIFI
b0:41:1d:25:95:43,AEH-W4A1-b0411d259543,[WPA2-PSK-CCMP][ESS],2017-11-02 08:42:50,5,-85,32.10309342,35.19875206,640,7,WIFI
62:12:f5:84:74:e8,Bezeq Free,[ESS],2017-11-02 08:42:50,5,-76,32.10309342,35.19875206,640,7,WIFI
42502_811_3868449,GOLAN T,UNKNOWN;il,2017-11-02 08:42:50,0,-113,32.10309342,35.19875206,640,7,GSM
10:5a:f7:0f:10:a1,Dana_2.4,[WPA2-PSK-CCMP][ESS],2017-11-02 08:42:52,1,-63,32.10329534,35.19879883,641,5,WIFI
7c:b7:33:2b:fa:df,Aliza,[WPA-PSK-CCMP+TKIP][WPA2-PSK-CCMP+TKIP][ESS],2017-11-02 08:42:52,1,-77,32.10329534,35.19879883,641,5,WIFI
c8:be:19:09:66:11,nnw2,[WPA-PSK-CCMP+TKIP][WPA2-PSK-CCMP+TKIP][ESS],2017-11-02 08:42:52,9,-82,32.10329534,35.19879883,641,5,WIFI
48:ee:0c:3d:46:cd,vera215,[WPA2-PSK-CCMP][ESS],2017-11-02 08:42:52,9,-85,32.10329534,35.19879883,641,5,WIFI
74:44:01:53:a8:16,BorisMil,[WPS][WEP][ESS],2017-11-02 08:42:52,11,-82,32.10329534,35.19879883,641,5,WIFI
f0:b4:29:d8:9b:6a,nnw,[WPA2-PSK-CCMP][ESS],2017-11-02 08:42:54,4,-73,32.10350341,35.1988286,635,6,WIFI
48:ee:0c:3d:46:cd,vera215,[WPA2-PSK-CCMP][ESS],2017-11-02 08:42:54,9,-78,32.10350341,35.1988286,635,6,WIFI
30:b5:c2:6d:13:3a,TP-LINK_133A,[WPA2-PSK-CCMP][WPS][ESS],2017-11-02 08:42:54,6,-76,32.10350341,35.1988286,635,6,WIFI
62:ee:0c:3d:46:ce,BezeqFree,[WPA2-PSK-CCMP][ESS],2017-11-02 08:42:54,9,-77,32.10350341,35.1988286,635,6,WIFI
06:ae:db:c0:ed:05,BezeqFree,[WPA2-PSK-CCMP][ESS],2017-11-02 08:42:54,6,-78,32.10350341,35.1988286,635,6,WIFI
f0:b4:29:d8:9b:6b,nnw,[WPA2-PSK-CCMP][ESS],2017-11-02 08:42:54,36,-85,32.10350341,35.1988286,635,6,WIFI
c0:ac:54:f6:1c:5c,HOTBOX-C580,[WPA-PSK-CCMP+TKIP][WPA2-PSK-CCMP+TKIP][ESS],2017-11-02 08:42:54,11,-81,32.10350341,35.1988286,635,6,WIFI
14:ae:db:c0:ed:05,sandra,[WPA2-PSK-CCMP][ESS],2017-11-02 08:42:54,6,-81,32.10350341,35.1988286,635,6,WIFI
10:be:f5:3a:61:7a,why-fi,[WPA2-PSK-CCMP][ESS],2017-11-02 08:42:54,1,-82,32.10350341,35.1988286,635,6,WIFI
d0:0f:6d:c2:18:9b,galruach,[WPA-PSK-CCMP+TKIP][ESS],2017-11-02 08:42:54,7,-82,32.10350341,35.1988286,635,6,WIFI
80:26:89:1a:93:a1,yaniv,[WPA-PSK-CCMP][WPA2-PSK-CCMP][ESS],2017-11-02 08:42:56,3,-79,32.10371076,35.19879422,633,7,WIFI
f8:e9:03:0e:33:0b,Hanasti,[WPA2-PSK-CCMP][ESS],2017-11-02 08:42:56,1,-81,32.10371076,35.19879422,633,7,WIFI
4c:60:de:48:8d:d1,yana2,[WPA2-PSK-CCMP][WPS][ESS],2017-11-02 08:42:56,11,-79,32.10371076,35.19879422,633,7,WIFI
a4:2b:8c:98:86:7a,Mana,[WPA2-PSK-CCMP][WPS][ESS],2017-11-02 08:42:56,11,-76,32.10371076,35.19879422,633,7,WIFI
d4:7b:b0:79:75:6f,HOTBOX-7569,[WPA-PSK-CCMP+TKIP][WPA2-PSK-CCMP+TKIP][ESS],2017-11-02 08:42:56,11,-79,32.10371076,35.19879422,633,7,WIFI
14:ae:db:c7:fb:f5,solomon,[WPA2-PSK-CCMP][ESS],2017-11-02 08:42:56,6,-79,32.10371076,35.19879422,633,7,WIFI
14:ae:db:42:14:55,Valery,[WPA-PSK-CCMP+TKIP][WPA2-PSK-CCMP+TKIP][WPS][ESS],2017-11-02 08:42:56,6,-79,32.10371076,35.19879422,633,7,WIFI
14:ae:db:ca:ae:c2,DworNet,[WPA2-PSK-CCMP][ESS],2017-11-02 08:42:56,2,-80,32.10371076,35.19879422,633,7,WIFI
40:a5:ef:1f:67:77,2.4G_COMFAST_1F6775,[WPA2-PSK-CCMP][WPS][ESS],2017-11-02 08:42:56,7,-82,32.10371076,35.19879422,633,7,WIFI
10:be:f5:37:a5:34,mesi,[WPA2-PSK-CCMP][ESS],2017-11-02 08:42:56,1,-82,32.10371076,35.19879422,633,7,WIFI
a0:ab:1b:63:0d:9c,kadmon,[WPA2-PSK-CCMP][ESS],2017-11-02 08:42:56,2,-82,32.10371076,35.19879422,633,7,WIFI
20:0c:c8:1a:d2:ca,sinkel1,[WPA2-PSK-CCMP][WPS][ESS],2017-11-02 08:42:56,11,-84,32.10371076,35.19879422,633,7,WIFI
c4:12:f5:80:39:0d,Network_2.4,[WPA2-PSK-CCMP][ESS],2017-11-02 08:42:56,5,-84,32.10371076,35.19879422,633,7,WIFI
a4:2b:8c:98:86:7b,Mana1,[WPA2-PSK-CCMP][WPS][ESS],2017-11-02 08:42:56,60,-89,32.10371076,35.19879422,633,7,WIFI
72:2b:8c:98:86:7b,Bezeq Free CA167D,[ESS],2017-11-02 08:42:56,11,-78,32.10371076,35.19879422,633,7,WIFI
62:0c:c8:1a:d2:cb,Bezeq Free A0005F,[ESS],2017-11-02 08:42:56,11,-83,32.10371076,35.19879422,633,7,WIFI
08:6a:0a:22:9f:50,HOTBOX-9F4A,[WPA-PSK-CCMP+TKIP][WPA2-PSK-CCMP+TKIP][ESS],2017-11-02 08:42:58,6,-83,32.10391144,35.19864281,633,7,WIFI
cc:b2:55:e9:61:3f,Oleg,[WPA-PSK-CCMP][ESS],2017-11-02 08:42:58,6,-78,32.10391144,35.19864281,633,7,WIFI
14:ae:db:3e:b1:f2,yaroshevsky_2.4,[WPA2-PSK-CCMP][ESS],2017-11-02 08:42:58,10,-77,32.10391144,35.19864281,633,7,WIFI
14:ae:db:55:bd:15,BEZEQINT-BD11,[WPA-PSK-CCMP+TKIP][WPA2-PSK-CCMP+TKIP][WPS][ESS],2017-11-02 08:42:58,11,-79,32.10391144,35.19864281,633,7,WIFI
a0:ab:1b:63:0d:9c,kadmon,[WPA2-PSK-CCMP][ESS],2017-11-02 08:42:58,2,-72,32.10391144,35.19864281,633,7,WIFI
20:0c:c8:1a:d2:ca,sinkel1,[WPA2-PSK-CCMP][WPS][ESS],2017-11-02 08:42:58,11,-76,32.10391144,35.19864281,633,7,WIFI
62:0c:c8:1a:d2:cb,Bezeq Free A0005F,[ESS],2017-11-02 08:42:58,11,-76,32.10391144,35.19864281,633,7,WIFI
06:ae:db:3a:e7:9d,BezeqFree,[WPA2-PSK-CCMP][ESS],2017-11-02 08:42:58,11,-81,32.10391144,35.19864281,633,7,WIFI
14:ae:db:3a:e7:9d,Marfino,[WPA2-PSK-CCMP][ESS],2017-11-02 08:42:58,11,-83,32.10391144,35.19864281,633,7,WIFI
98:e7:f4:b5:61:a7,DIRECT-A6-HP OfficeJet Pro 6960,[WPA2-PSK-CCMP][WPS][ESS],2017-11-02 08:42:58,11,-85,32.10391144,35.19864281,633,7,WIFI
3c:1e:04:09:2e:bc,hanid_2.4,[WPA2-PSK-CCMP][ESS],2017-11-02 08:43:00,6,-77,32.104072,35.19848482,633,6,WIFI
e8:fc:af:9d:c5:86,MyNet_BB_2.4,[WPA2-PSK-CCMP][WPS][ESS],2017-11-02 08:43:00,1,-75,32.104072,35.19848482,633,6,WIFI
f8:e9:03:0e:9a:d3,PASNET 2.4G,[WPA2-PSK-CCMP][ESS],2017-11-02 08:43:00,9,-78,32.104072,35.19848482,633,6,WIFI
f8:e9:03:0e:9a:d4,PasNET 5G,[WPA2-PSK-CCMP][ESS],2017-11-02 08:43:00,60,-87,32.104072,35.19848482,633,6,WIFI
e8:fc:af:9d:c5:87,MyNet_BB_5,[WPA2-PSK-CCMP][WPS][ESS],2017-11-02 08:43:00,60,-84,32.104072,35.19848482,633,6,WIFI
14:ae:db:ce:5f:fd,shlomit,[WPA-PSK-CCMP+TKIP][WPA2-PSK-CCMP+TKIP][WPS][ESS],2017-11-02 08:43:00,6,-71,32.104072,35.19848482,633,6,WIFI
14:ae:db:42:14:55,Valery,[WPA-PSK-CCMP+TKIP][WPA2-PSK-CCMP+TKIP][WPS][ESS],2017-11-02 08:43:00,6,-72,32.104072,35.19848482,633,6,WIFI
f4:f2:6d:6d:7e:f9,Lia,[WPA-PSK-CCMP+TKIP][WPA2-PSK-CCMP+TKIP][WPS][ESS],2017-11-02 08:43:00,11,-81,32.104072,35.19848482,633,6,WIFI
00:02:6f:8e:64:67,,[ESS],2017-11-02 08:43:00,1,-84,32.104072,35.19848482,633,6,WIFI
04:a1:51:c4:5d:50,dana,[WEP][ESS],2017-11-02 08:43:02,1,-83,32.10419941,35.19829181,636,6,WIFI
e4:6f:13:72:42:9a,Oshritel7,[WPA2-PSK-CCMP][ESS],2017-11-02 08:43:02,11,-79,32.10419941,35.19829181,636,6,WIFI
20:4e:7f:23:f5:13,Nezeq_benleumi,[WPA2-PSK-CCMP][WPS][ESS],2017-11-02 08:43:02,11,-81,32.10419941,35.19829181,636,6,WIFI
10:5a:f7:0f:10:a2,Dana_5,[WPA2-PSK-CCMP][ESS],2017-11-02 08:43:02,52,-90,32.10419941,35.19829181,636,6,WIFI
fc:15:b4:63:92:b4,HP-Print-B4-Officejet 6700,[WPA2-PSK-CCMP][ESS],2017-11-02 08:43:02,6,-73,32.10419941,35.19829181,636,6,WIFI
14:ae:db:cb:b6:45,Oleg,[WPA-PSK-CCMP+TKIP][WPA2-PSK-CCMP+TKIP][WPS][ESS],2017-11-02 08:43:02,11,-75,32.10419941,35.19829181,636,6,WIFI
b0:48:7a:a1:35:b6,virus,[WPA-PSK-CCMP][WPA2-PSK-CCMP][WPS][ESS],2017-11-02 08:43:02,1,-78,32.10419941,35.19829181,636,6,WIFI
14:d6:4d:f4:52:b3,gertners,[WPA2-PSK-CCMP][ESS],2017-11-02 08:43:02,6,-82,32.10419941,35.19829181,636,6,WIFI
d0:0f:6d:f0:dc:fb,MIS,[WPA2-PSK-CCMP][ESS],2017-11-02 08:43:02,9,-82,32.10419941,35.19829181,636,6,WIFI
84:16:f9:e5:f2:78,orel,[WPA-PSK-CCMP][WPA2-PSK-CCMP][WPS][ESS],2017-11-02 08:43:02,1,-83,32.10419941,35.19829181,636,6,WIFI
04:a1:51:df:7f:c1,Bella_2.4,[WPA2-PSK-CCMP][WPS][ESS],2017-11-02 08:43:02,1,-83,32.10419941,35.19829181,636,6,WIFI
88:28:b3:8a:21:5f,P4-79215UF_UF,[WPA2-PSK-CCMP][ESS],2017-11-02 08:43:02,9,-83,32.10419941,35.19829181,636,6,WIFI
d0:d4:12:67:2d:ca,Ovadiadavid,[WEP][ESS],2017-11-02 08:43:02,11,-83,32.10419941,35.19829181,636,6,WIFI
42502_811_3868449,GOLAN T,UNKNOWN;il,2017-11-02 08:43:02,0,-113,32.10419941,35.19829181,636,6,GSM
10:5a:f7:0f:10:a1,Dana_2.4,[WPA2-PSK-CCMP][ESS],2017-11-02 08:43:04,1,-80,32.10432646,35.19811777,635,6,WIFI
c8:be:19:09:66:11,nnw2,[WPA-PSK-CCMP+TKIP][WPA2-PSK-CCMP+TKIP][ESS],2017-11-02 08:43:04,9,-83,32.10432646,35.19811777,635,6,WIFI
74:44:01:53:a8:16,BorisMil,[WPS][WEP][ESS],2017-11-02 08:43:04,11,-79,32.10432646,35.19811777,635,6,WIFI
14:d6:4d:f4:52:b3,gertners,[WPA2-PSK-CCMP][ESS],2017-11-02 08:43:04,6,-74,32.10432646,35.19811777,635,6,WIFI
d0:0f:6d:f0:57:81,Stas,[WPA-PSK-CCMP][ESS],2017-11-02 08:43:04,6,-74,32.10432646,35.19811777,635,6,WIFI
a4:2b:b0:b0:69:ac,_______EXT1,[WPA-PSK-CCMP+TKIP][WPA2-PSK-CCMP+TKIP][ESS],2017-11-02 08:43:04,11,-78,32.10432646,35.19811777,635,6,WIFI
f4:f2:6d:6d:81:6c,Evgeny1,[WPA2-PSK-CCMP+TKIP][WPS][ESS],2017-11-02 08:43:04,2,-79,32.10432646,35.19811777,635,6,WIFI
c4:12:f5:ff:5b:a4,OsenkaNet,[WPA2-PSK-CCMP][ESS],2017-11-02 08:43:04,7,-85,32.10432646,35.19811777,635,6,WIFI
5e:01:07:f5:7f:5c,Xerox,[IBSS],2017-11-02 08:43:04,10,-84,32.10432646,35.19811777,635,6,WIFI
f0:b4:29:d8:9b:6a,nnw,[WPA2-PSK-CCMP][ESS],2017-11-02 08:43:07,4,-75,32.10452736,35.19792086,637,5,WIFI
30:b5:c2:6d:13:3a,TP-LINK_133A,[WPA2-PSK-CCMP][WPS][ESS],2017-11-02 08:43:07,6,-81,32.10452736,35.19792086,637,5,WIFI
06:ae:db:c0:ed:05,BezeqFree,[WPA2-PSK-CCMP][ESS],2017-11-02 08:43:07,6,-81,32.10452736,35.19792086,637,5,WIFI
d0:0f:6d:f0:dc:fb,MIS,[WPA2-PSK-CCMP][ESS],2017-11-02 08:43:07,9,-74,32.10452736,35.19792086,637,5,WIFI
00:e0:20:1a:4f:4d,Dennis-Repeater,[WPA2-PSK-CCMP][WPS][ESS],2017-11-02 08:43:07,10,-75,32.10452736,35.19792086,637,5,WIFI
9c:b2:b2:34:77:47,lg,[WPA2-PSK-CCMP][ESS],2017-11-02 08:43:07,8,-76,32.10452736,35.19792086,637,5,WIFI
10:fe:ed:f6:49:0b,GOT,[WPA-PSK-CCMP+TKIP][WPA2-PSK-CCMP+TKIP][ESS],2017-11-02 08:43:07,1,-81,32.10452736,35.19792086,637,5,WIFI
14:cc:20:f1:07:bc,32,[WPA-PSK-CCMP+TKIP][WPA2-PSK-CCMP+TKIP][WPS][ESS],2017-11-02 08:43:07,13,-83,32.10452736,35.19792086,637,5,WIFI
c4:12:f5:f8:93:6e,vefremov2,[WPA2-PSK-CCMP][ESS],2017-11-02 08:43:07,10,-85,32.10452736,35.19792086,637,5,WIFI
c4:04:15:51:b2:cd,moniot-10,[WPA2-PSK-CCMP][WPS][ESS],2017-11-02 08:43:09,1,-80,32.10462305,35.19785875,633,6,WIFI
a0:ab:1b:61:9a:84,apar20,[WPA2-PSK-CCMP][ESS],2017-11-02 08:43:09,9,-83,32.10462305,35.19785875,633,6,WIFI
c4:04:15:51:b2:cd,moniot-10,[WPA2-PSK-CCMP][WPS][ESS],2017-11-02 08:43:11,1,-74,32.10465847,35.19784932,633,5,WIFI
d8:fe:e3:03:b6:b1,Elizabet1,[WPA2-PSK-CCMP][ESS],2017-11-02 08:43:11,11,-80,32.10465847,35.19784932,633,5,WIFI
c4:12:f5:80:e5:1b,barak,[WPA2-PSK-CCMP][ESS],2017-11-02 08:43:11,1,-81,32.10465847,35.19784932,633,5,WIFI
a4:2b:b0:b0:69:ae,__5G,[WPA-PSK-CCMP+TKIP][WPA2-PSK-CCMP+TKIP][ESS],2017-11-02 08:43:11,40,-89,32.10465847,35.19784932,633,5,WIFI
5c:b9:01:6a:93:11,HP-Print-11-Deskjet 4640 series,[ESS],2017-11-02 08:43:11,11,-86,32.10465847,35.19784932,633,5,WIFI
04:a1:51:df:7f:c1,Bella_2.4,[WPA2-PSK-CCMP][WPS][ESS],2017-11-02 08:43:13,1,-77,32.10468863,35.1978264,635,5,WIFI
14:ae:db:52:93:bd,Simba,[WPA2-PSK-CCMP][ESS],2017-11-02 08:43:13,5,-84,32.10468863,35.1978264,635,5,WIFI
c4:12:f5:fb:1e:90,Juliet,[WPA2-PSK-CCMP][ESS],2017-11-02 08:43:13,9,-84,32.10468863,35.1978264,635,5,WIFI
40:a5:ef:1f:67:77,2.4G_COMFAST_1F6775,[WPA2-PSK-CCMP][WPS][ESS],2017-11-02 08:43:15,7,-80,32.10471382,35.19784135,635,6,WIFI
14:ae:db:4d:da:25,menahem,[WPA2-PSK-CCMP][ESS],2017-11-02 08:43:15,1,-82,32.10471382,35.19784135,635,6,WIFI
a4:2b:8c:99:50:87,deckel5,[WPA2-PSK-CCMP][WPS][ESS],2017-11-02 08:43:15,60,-89,32.10471382,35.19784135,635,6,WIFI
04:a1:51:df:7f:c2,Bella_2.4_5,[WPA2-PSK-CCMP][WPS][ESS],2017-11-02 08:43:15,60,-89,32.10471382,35.19784135,635,6,WIFI
c4:04:15:51:b2:cd,moniot-10,[WPA2-PSK-CCMP][WPS][ESS],2017-11-02 08:43:17,1,-68,32.10474754,35.19782742,634,7,WIFI
16:0c:c3:ee:8e:09,yelena,[WPA-PSK-CCMP+TKIP][WPA2-PSK-CCMP+TKIP][WPS][ESS],2017-11-02 08:43:17,6,-76,32.10474754,35.19782742,634,7,WIFI
14:ae:db:b2:d0:dd,YuL,[WPA2-PSK-CCMP][ESS],2017-11-02 08:43:17,11,-82,32.10474754,35.19782742,634,7,WIFI
06:ae:db:b2:d0:dd,BezeqFree,[WPA2-PSK-CCMP][ESS],2017-11-02 08:43:17,11,-85,32.10474754,35.19782742,634,7,WIFI
c4:12:f5:f8:93:6e,vefremov2,[WPA2-PSK-CCMP][ESS],2017-11-02 08:43:19,10,-80,32.10484957,35.19788198,636,5,WIFI
a0:4f:d4:2c:ee:21,Masha2,[WPA2-PSK-CCMP][ESS],2017-11-02 08:43:19,1,-78,32.10484957,35.19788198,636,5,WIFI
28:2c:b2:0a:b0:78,Marina_bedroom,[WPA2-PSK-CCMP][ESS],2017-11-02 08:43:19,9,-83,32.10484957,35.19788198,636,5,WIFI
54:b8:0a:2c:6f:38,Andres,[WPA-PSK-CCMP+TKIP][WPA2-PSK-CCMP+TKIP][ESS],2017-11-02 08:43:19,36,-90,32.10484957,35.19788198,636,5,WIFI
b0:48:7a:a1:35:b6,virus,[WPA-PSK-CCMP][WPA2-PSK-CCMP][WPS][ESS],2017-11-02 08:43:21,1,-72,32.10495808,35.19796378,636,5,WIFI
c4:12:f5:ff:5b:a4,OsenkaNet,[WPA2-PSK-CCMP][ESS],2017-11-02 08:43:21,7,-80,32.10495808,35.19796378,636,5,WIFI
a4:2b:b0:b0:69:ae,__5G,[WPA-PSK-CCMP+TKIP][WPA2-PSK-CCMP+TKIP][ESS],2017-11-02 08:43:21,40,-83,32.10495808,35.19796378,636,5,WIFI
a0:ab:1b:61:9a:84,apar20,[WPA2-PSK-CCMP][ESS],2017-11-02 08:43:23,9,-74,32.10506102,35.19809657,637,5,WIFI
48:ee:0c:3a:88:09,Irina-2.4Ghz,[WPA2-PSK-CCMP][ESS],2017-11-02 08:43:23,9,-80,32.10506102,35.19809657,637,5,WIFI
20:4e:7f:26:0d:9a,T777,[WPA2-PSK-CCMP][WPS][ESS],2017-11-02 08:43:23,11,-84,32.10506102,35.19809657,637,5,WIFI
42502_811_3931936,GOLAN T,UNKNOWN;il,2017-11-02 08:43:23,0,-113,32.10506102,35.19809657,637,5,GSM
f4:f2:6d:bf:d9:24,TP-LINK_5GHz_BFD924,[WPA2-PSK-CCMP][WPS][ESS],2017-11-02 08:43:25,44,-82,32.10511122,35.19828888,638,5,WIFI
14:ae:db:b6:8a:d5,YURI,[WPA2-PSK-CCMP][ESS],2017-11-02 08:43:27,11,-82,32.10516141,35.19850042,641,5,WIFI
a0:4f:d4:2c:ee:22,Masha,[WPA2-PSK-CCMP][ESS],2017-11-02 08:43:28,52,-83,32.10519421,35.1986097,640,6,WIFI
04:a1:51:df:7f:c1,Bella_2.4,[WPA2-PSK-CCMP][WPS][ESS],2017-11-02 08:43:30,1,-75,32.10525145,35.19884256,641,8,WIFI
14:ae:db:52:93:bd,Simba,[WPA2-PSK-CCMP][ESS],2017-11-02 08:43:30,5,-84,32.10525145,35.19884256,641,8,WIFI
c4:12:f5:fb:1e:90,Juliet,[WPA2-PSK-CCMP][ESS],2017-11-02 08:43:30,9,-84,32.10525145,35.19884256,641,8,WIFI
a0:4f:d4:2c:ee:21,Masha2,[WPA2-PSK-CCMP][ESS],2017-11-02 08:43:30,1,-72,32.10525145,35.19884256,641,8,WIFI
a0:4f:d4:2c:ee:22,Masha,[WPA2-PSK-CCMP][ESS],2017-11-02 08:43:30,52,-76,32.10525145,35.19884256,641,8,WIFI
00:22:b0:75:80:02,koyfman1,[WPA2-PSK-CCMP][ESS],2017-11-02 08:43:30,6,-75,32.10525145,35.19884256,641,8,WIFI
c4:12:f5:f5:e5:ce,Maxim,[WPA2-PSK-CCMP][ESS],2017-11-02 08:43:30,11,-81,32.10525145,35.19884256,641,8,WIFI
d0:d4:12:64:10:52,lemzakan,[WPA2-PSK-CCMP][ESS],2017-11-02 08:43:30,1,-81,32.10525145,35.19884256,641,8,WIFI
b0:48:7a:a1:35:b6,virus,[WPA-PSK-CCMP][WPA2-PSK-CCMP][WPS][ESS],2017-11-02 08:43:33,1,-75,32.10536886,35.19914861,640,12,WIFI
d0:0f:6d:f0:dc:fb,MIS,[WPA2-PSK-CCMP][ESS],2017-11-02 08:43:33,9,-81,32.10536886,35.19914861,640,12,WIFI
a0:ab:1b:61:9a:84,apar20,[WPA2-PSK-CCMP][ESS],2017-11-02 08:43:33,9,-77,32.10536886,35.19914861,640,12,WIFI
10:fe:ed:f6:49:0b,GOT,[WPA-PSK-CCMP+TKIP][WPA2-PSK-CCMP+TKIP][ESS],2017-11-02 08:43:33,1,-79,32.10536886,35.19914861,640,12,WIFI
48:ee:0c:3a:88:09,Irina-2.4Ghz,[WPA2-PSK-CCMP][ESS],2017-11-02 08:43:33,9,-80,32.10536886,35.19914861,640,12,WIFI
00:e0:20:1a:4f:4d,Dennis-Repeater,[WPA2-PSK-CCMP][WPS][ESS],2017-11-02 08:43:33,10,-82,32.10536886,35.19914861,640,12,WIFI
20:4e:7f:26:0d:9a,T777,[WPA2-PSK-CCMP][WPS][ESS],2017-11-02 08:43:33,11,-84,32.10536886,35.19914861,640,12,WIFI
42502_811_3931936,GOLAN T,UNKNOWN;il,2017-11-02 08:43:33,0,-113,32.10536886,35.19914861,640,12,GSM
f4:f2:6d:bf:d9:24,TP-LINK_5GHz_BFD924,[WPA2-PSK-CCMP][WPS][ESS],2017-11-02 08:43:35,44,-82,32.10548099,35.199312,640,12,WIFI
c4:12:f5:f5:e5:ce,Maxim,[WPA2-PSK-CCMP][ESS],2017-11-02 08:43:35,11,-76,32.10548099,35.199312,640,12,WIFI
d0:d4:12:64:10:52,lemzakan,[WPA2-PSK-CCMP][ESS],2017-11-02 08:43:35,1,-71,32.10548099,35.199312,640,12,WIFI
ec:08:6b:a0:d9:a2,TP-LINK_5GHz_A0D9A2,[WPA2-PSK-CCMP][WPS][ESS],2017-11-02 08:43:35,44,-83,32.10548099,35.199312,640,12,WIFI
ec:08:6b:a0:d9:a0,TP-LINK_2.4GHz_A0D9A0,[WPA2-PSK-CCMP][WPS][ESS],2017-11-02 08:43:35,1,-79,32.10548099,35.199312,640,12,WIFI
48:ee:0c:3f:de:0f,Leonov,[WPA2-PSK-CCMP][ESS],2017-11-02 08:43:35,11,-79,32.10548099,35.199312,640,12,WIFI
14:ae:db:37:5a:1d,Apartment_1,[WPA2-PSK-CCMP][ESS],2017-11-02 08:43:35,11,-80,32.10548099,35.199312,640,12,WIFI
80:1f:02:d7:be:84,EdimaxADSL,[WPA2-PSK-CCMP+TKIP][WPS][ESS],2017-11-02 08:43:35,13,-86,32.10548099,35.199312,640,12,WIFI
80:1f:02:d7:be:86,,[ESS],2017-11-02 08:43:35,13,-85,32.10548099,35.199312,640,12,WIFI
14:ae:db:b6:8a:d5,YURI,[WPA2-PSK-CCMP][ESS],2017-11-02 08:43:37,11,-83,32.1055357,35.1995098,643,11,WIFI
14:ae:db:a1:dd:1d,BEK,[WPA-PSK-CCMP+TKIP][WPA2-PSK-CCMP+TKIP][WPS][ESS],2017-11-02 08:43:37,1,-82,32.1055357,35.1995098,643,11,WIFI
84:26:15:ee:3f:f3,Misha,[WPA2-PSK-CCMP][ESS],2017-11-02 08:43:37,13,-82,32.1055357,35.1995098,643,11,WIFI
14:ae:db:4e:f0:25,Vault 112,[WPA-PSK-CCMP+TKIP][WPA2-PSK-CCMP+TKIP][WPS][ESS],2017-11-02 08:43:39,6,-74,32.10558375,35.19967884,644,11,WIFI
16:ae:db:a1:dd:1d,BEK,[WPA2-PSK-CCMP+TKIP][WPS][ESS],2017-11-02 08:43:39,1,-78,32.10558375,35.19967884,644,11,WIFI
06:ae:db:47:74:9d,BezeqFree,[WPA2-PSK-CCMP][ESS],2017-11-02 08:43:39,11,-79,32.10558375,35.19967884,644,11,WIFI
06:ae:db:a1:dd:1d,bek,[WPA2-PSK-CCMP+TKIP][WPS][ESS],2017-11-02 08:43:39,1,-79,32.10558375,35.19967884,644,11,WIFI
14:ae:db:47:74:9d,Wifi_home,[WPA2-PSK-CCMP][ESS],2017-11-02 08:43:39,11,-81,32.10558375,35.19967884,644,11,WIFI
14:ae:db:cf:52:8d,BEZEQINT-5289,[WPA-PSK-CCMP+TKIP][WPA2-PSK-CCMP+TKIP][WPS][ESS],2017-11-02 08:43:39,6,-82,32.10558375,35.19967884,644,11,WIFI
d8:37:be:f1:47:8b,penthouse,[WPA2-PSK-CCMP][ESS],2017-11-02 08:43:39,8,-86,32.10558375,35.19967884,644,11,WIFI
14:ae:db:bd:f3:35,lilia2016_5,[WPA2-PSK-CCMP][ESS],2017-11-02 08:43:39,48,-91,32.10558375,35.19967884,644,11,WIFI
6a:12:f5:fd:19:17,BezeqFree,[WPA2-PSK-CCMP][ESS],2017-11-02 08:43:39,11,-87,32.10558375,35.19967884,644,11,WIFI
80:1f:02:d7:be:85,,[ESS],2017-11-02 08:43:39,13,-85,32.10558375,35.19967884,644,11,WIFI
80:1f:02:d7:be:87,,[ESS],2017-11-02 08:43:39,13,-86,32.10558375,35.19967884,644,11,WIFI
14:ae:db:a1:dd:1d,BEK,[WPA-PSK-CCMP+TKIP][WPA2-PSK-CCMP+TKIP][WPS][ESS],2017-11-02 08:43:41,1,-76,32.10566977,35.19983825,644,12,WIFI
14:ae:db:cf:52:8d,BEZEQINT-5289,[WPA-PSK-CCMP+TKIP][WPA2-PSK-CCMP+TKIP][WPS][ESS],2017-11-02 08:43:41,6,-73,32.10566977,35.19983825,644,12,WIFI
74:da:38:65:8c:9d,home2_2EX,[WPA2-PSK-CCMP][WPS][ESS],2017-11-02 08:43:41,1,-71,32.10566977,35.19983825,644,12,WIFI
14:ae:db:bd:f3:32,lilia2016,[WPA2-PSK-CCMP][ESS],2017-11-02 08:43:41,2,-74,32.10566977,35.19983825,644,12,WIFI
18:a6:f7:5e:95:8e,home2,[WPA-PSK-CCMP+TKIP][WPA2-PSK-CCMP+TKIP][WPS][ESS],2017-11-02 08:43:41,1,-78,32.10566977,35.19983825,644,12,WIFI
74:da:3a:65:8c:9e,home2,[WPA2-PSK-CCMP][ESS],2017-11-02 08:43:41,1,-78,32.10566977,35.19983825,644,12,WIFI
10:be:f5:35:95:50,oriii,[WPA2-PSK-CCMP][ESS],2017-11-02 08:43:41,4,-81,32.10566977,35.19983825,644,12,WIFI
a0:4f:d4:2c:ee:21,Masha2,[WPA2-PSK-CCMP][ESS],2017-11-02 08:43:43,1,-76,32.10574454,35.19999309,645,12,WIFI
a0:4f:d4:2c:ee:22,Masha,[WPA2-PSK-CCMP][ESS],2017-11-02 08:43:43,52,-81,32.10574454,35.19999309,645,12,WIFI
00:22:b0:75:80:02,koyfman1,[WPA2-PSK-CCMP][ESS],2017-11-02 08:43:43,6,-80,32.10574454,35.19999309,645,12,WIFI
10:be:f5:35:95:50,oriii,[WPA2-PSK-CCMP][ESS],2017-11-02 08:43:43,4,-75,32.10574454,35.19999309,645,12,WIFI
ec:08:6b:26:24:cc,ariella1,[WPA-PSK-CCMP+TKIP][WPA2-PSK-CCMP+TKIP][WPS][ESS],2017-11-02 08:43:43,1,-73,32.10574454,35.19999309,645,12,WIFI
74:da:38:c0:47:9c,ygn_2.4_2EX,[WPA2-PSK-CCMP-preauth][WPS][ESS],2017-11-02 08:43:43,1,-81,32.10574454,35.19999309,645,12,WIFI
4c:60:de:52:ae:22,sveta1585,[WPA2-PSK-CCMP][WPS][ESS],2017-11-02 08:43:43,11,-81,32.10574454,35.19999309,645,12,WIFI
90:8d:78:52:8c:5e,Elis_2.4,[WPA2-PSK-CCMP][ESS],2017-11-02 08:43:45,2,-79,32.10574192,35.20016155,645,13,WIFI
d0:d4:12:5e:a4:22,Viki,[WPA2-PSK-CCMP][ESS],2017-11-02 08:43:45,11,-80,32.10574192,35.20016155,645,13,WIFI
10:be:f5:37:ca:3c,ariella1,[WPA2-PSK-CCMP][ESS],2017-11-02 08:43:45,1,-81,32.10574192,35.20016155,645,13,WIFI
7c:03:4c:ff:66:c1,Efraim,[WPA-PSK-CCMP+TKIP][WPA2-PSK-CCMP+TKIP][ESS],2017-11-02 08:43:45,11,-81,32.10574192,35.20016155,645,13,WIFI
14:ae:db:3a:1e:c5,HOUSE1,[WPA2-PSK-CCMP][ESS],2017-11-02 08:43:45,11,-82,32.10574192,35.20016155,645,13,WIFI
48:ee:0c:3a:c7:8e,lora222,[WPA2-PSK-CCMP][ESS],2017-11-02 08:43:45,9,-83,32.10574192,35.20016155,645,13,WIFI
6a:8d:78:52:8c:5f,BezeqFree,[WPA2-PSK-CCMP][ESS],2017-11-02 08:43:45,2,-83,32.10574192,35.20016155,645,13,WIFI
48:ee:0c:3a:b8:94,Bezeq-WIFI_2.4,[WPA2-PSK-CCMP][ESS],2017-11-02 08:43:45,7,-85,32.10574192,35.20016155,645,13,WIFI
42502_811_3931936,GOLAN T,UNKNOWN;il,2017-11-02 08:43:45,0,-113,32.10574192,35.20016155,645,13,GSM
d0:d4:12:64:10:52,lemzakan,[WPA2-PSK-CCMP][ESS],2017-11-02 08:43:47,1,-74,32.10577146,35.20033868,647,13,WIFI
ec:08:6b:a0:d9:a0,TP-LINK_2.4GHz_A0D9A0,[WPA2-PSK-CCMP][WPS][ESS],2017-11-02 08:43:47,1,-79,32.10577146,35.20033868,647,13,WIFI
14:ae:db:37:5a:1d,Apartment_1,[WPA2-PSK-CCMP][ESS],2017-11-02 08:43:47,11,-76,32.10577146,35.20033868,647,13,WIFI
80:1f:02:d7:be:86,,[ESS],2017-11-02 08:43:47,13,-85,32.10577146,35.20033868,647,13,WIFI
bc:f6:85:0c:ff:e7,ilya1,[WPA2-PSK-CCMP][ESS],2017-11-02 08:43:47,6,-80,32.10577146,35.20033868,647,13,WIFI
06:ae:db:5a:12:e5,BezeqFree,[WPA2-PSK-CCMP][ESS],2017-11-02 08:43:47,9,-80,32.10577146,35.20033868,647,13,WIFI
14:ae:db:5a:12:e5,Michal,[WPA2-PSK-CCMP][ESS],2017-11-02 08:43:47,9,-82,32.10577146,35.20033868,647,13,WIFI
5a:f6:85:0c:ff:e4,Bezeq Free,[ESS],2017-11-02 08:43:47,6,-82,32.10577146,35.20033868,647,13,WIFI
42502_811_3868449,GOLAN T,UNKNOWN;il,2017-11-02 08:43:47,0,-113,32.10577146,35.20033868,647,13,GSM
84:26:15:ee:3f:f3,Misha,[WPA2-PSK-CCMP][ESS],2017-11-02 08:43:49,13,-86,32.10586486,35.20054648,648,13,WIFI
48:ee:0c:3a:c7:8e,lora222,[WPA2-PSK-CCMP][ESS],2017-11-02 08:43:49,9,-78,32.10586486,35.20054648,648,13,WIFI
14:ae:db:46:95:4d,KhouryM,[WPA2-PSK-CCMP][ESS],2017-11-02 08:43:49,11,-78,32.10586486,35.20054648,648,13,WIFI
10:be:f5:35:a9:be,ben maor shay,[WPA2-PSK-CCMP][ESS],2017-11-02 08:43:49,3,-82,32.10586486,35.20054648,648,13,WIFI
04:a1:51:11:a2:78,tany1,[WPA2-PSK-CCMP][WPS][ESS],2017-11-02 08:43:49,11,-82,32.10586486,35.20054648,648,13,WIFI
a4:5d:a1:77:64:95,la familia,[WPA2-PSK-CCMP][ESS],2017-11-02 08:43:49,1,-84,32.10586486,35.20054648,648,13,WIFI
50:c7:bf:82:04:7b,adi6,[WPA-PSK-CCMP+TKIP][WPA2-PSK-CCMP+TKIP][ESS],2017-11-02 08:43:49,9,-85,32.10586486,35.20054648,648,13,WIFI
24:c9:a1:36:53:b8,Ariel_University,[ESS],2017-11-02 08:43:49,6,-73,32.10586486,35.20054648,648,13,WIFI
14:ae:db:a1:dd:1d,BEK,[WPA-PSK-CCMP+TKIP][WPA2-PSK-CCMP+TKIP][WPS][ESS],2017-11-02 08:43:53,1,-76,32.10598118,35.20097585,648,12,WIFI
14:ae:db:4e:f0:25,Vault 112,[WPA-PSK-CCMP+TKIP][WPA2-PSK-CCMP+TKIP][WPS][ESS],2017-11-02 08:43:53,6,-75,32.10598118,35.20097585,648,12,WIFI
16:ae:db:a1:dd:1d,BEK,[WPA2-PSK-CCMP+TKIP][WPS][ESS],2017-11-02 08:43:53,1,-75,32.10598118,35.20097585,648,12,WIFI
06:ae:db:47:74:9d,BezeqFree,[WPA2-PSK-CCMP][ESS],2017-11-02 08:43:53,11,-81,32.10598118,35.20097585,648,12,WIFI
06:ae:db:a1:dd:1d,bek,[WPA2-PSK-CCMP+TKIP][WPS][ESS],2017-11-02 08:43:53,1,-75,32.10598118,35.20097585,648,12,WIFI
14:ae:db:47:74:9d,Wifi_home,[WPA2-PSK-CCMP][ESS],2017-11-02 08:43:53,11,-77,32.10598118,35.20097585,648,12,WIFI
14:ae:db:cf:52:8d,BEZEQINT-5289,[WPA-PSK-CCMP+TKIP][WPA2-PSK-CCMP+TKIP][WPS][ESS],2017-11-02 08:43:53,6,-73,32.10598118,35.20097585,648,12,WIFI
74:da:38:65:8c:9d,home2_2EX,[WPA2-PSK-CCMP][WPS][ESS],2017-11-02 08:43:53,1,-71,32.10598118,35.20097585,648,12,WIFI
14:ae:db:bd:f3:32,lilia2016,[WPA2-PSK-CCMP][ESS],2017-11-02 08:43:53,2,-74,32.10598118,35.20097585,648,12,WIFI
18:a6:f7:5e:95:8e,home2,[WPA-PSK-CCMP+TKIP][WPA2-PSK-CCMP+TKIP][WPS][ESS],2017-11-02 08:43:53,1,-78,32.10598118,35.20097585,648,12,WIFI
74:da:3a:65:8c:9e,home2,[WPA2-PSK-CCMP][ESS],2017-11-02 08:43:53,1,-78,32.10598118,35.20097585,648,12,WIFI
84:18:3a:44:3d:53,island-043D50,[WPA2-PSK-CCMP][ESS],2017-11-02 08:43:53,6,-76,32.10598118,35.20097585,648,12,WIFI
d4:6e:0e:3b:93:6f,Michal,[WPA2-PSK-CCMP+TKIP][WPS][ESS],2017-11-02 08:43:53,9,-82,32.10598118,35.20097585,648,12,WIFI
24:c9:a1:36:57:28,Ariel_University,[ESS],2017-11-02 08:43:53,11,-79,32.10598118,35.20097585,648,12,WIFI
ec:08:6b:26:24:cc,ariella1,[WPA-PSK-CCMP+TKIP][WPA2-PSK-CCMP+TKIP][WPS][ESS],2017-11-02 08:43:54,1,-69,32.10595015,35.20107042,649,12,WIFI
90:8d:78:52:8c:5e,Elis_2.4,[WPA2-PSK-CCMP][ESS],2017-11-02 08:43:58,2,-79,32.10587422,35.20132041,651,12,WIFI
d0:d4:12:5e:a4:22,Viki,[WPA2-PSK-CCMP][ESS],2017-11-02 08:43:58,11,-80,32.10587422,35.20132041,651,12,WIFI
10:be:f5:37:ca:3c,ariella1,[WPA2-PSK-CCMP][ESS],2017-11-02 08:43:58,1,-80,32.10587422,35.20132041,651,12,WIFI
7c:03:4c:ff:66:c1,Efraim,[WPA-PSK-CCMP+TKIP][WPA2-PSK-CCMP+TKIP][ESS],2017-11-02 08:43:58,11,-81,32.10587422,35.20132041,651,12,WIFI
14:ae:db:3a:1e:c5,HOUSE1,[WPA2-PSK-CCMP][ESS],2017-11-02 08:43:58,11,-82,32.10587422,35.20132041,651,12,WIFI
6a:8d:78:52:8c:5f,BezeqFree,[WPA2-PSK-CCMP][ESS],2017-11-02 08:43:58,2,-83,32.10587422,35.20132041,651,12,WIFI
48:ee:0c:3a:b8:94,Bezeq-WIFI_2.4,[WPA2-PSK-CCMP][ESS],2017-11-02 08:43:58,7,-85,32.10587422,35.20132041,651,12,WIFI
ec:08:6b:bc:75:b1,HMWKBZQ,[WPA2-PSK-CCMP][WPS][ESS],2017-11-02 08:43:58,12,-82,32.10587422,35.20132041,651,12,WIFI
00:25:86:cc:01:96,KCG_84,[ESS],2017-11-02 08:43:58,2,-75,32.10587422,35.20132041,651,12,WIFI
bc:f6:85:0c:ff:e7,ilya1,[WPA2-PSK-CCMP][ESS],2017-11-02 08:44:03,6,-80,32.10572239,35.20142358,654,12,WIFI
06:ae:db:5a:12:e5,BezeqFree,[WPA2-PSK-CCMP][ESS],2017-11-02 08:44:03,9,-80,32.10572239,35.20142358,654,12,WIFI
14:ae:db:5a:12:e5,Michal,[WPA2-PSK-CCMP][ESS],2017-11-02 08:44:03,9,-82,32.10572239,35.20142358,654,12,WIFI
5a:f6:85:0c:ff:e4,Bezeq Free,[ESS],2017-11-02 08:44:03,6,-82,32.10572239,35.20142358,654,12,WIFI
24:c9:a1:36:53:b8,Ariel_University,[ESS],2017-11-02 08:44:03,6,-68,32.10572239,35.20142358,654,12,WIFI
10:be:f5:43:06:7c,Michal_ro770,[WPA2-PSK-CCMP][ESS],2017-11-02 08:44:03,9,-79,32.10572239,35.20142358,654,12,WIFI
10:be:f5:37:d3:a6,xxyaniv,[WPA2-PSK-TKIP][ESS],2017-11-02 08:44:03,1,-81,32.10572239,35.20142358,654,12,WIFI
50:04:b8:32:0c:12,Partner.Home-0C12,[WPA2-PSK-CCMP][ESS],2017-11-02 08:44:03,4,-82,32.10572239,35.20142358,654,12,WIFI
42502_811_3868449,GOLAN T,UNKNOWN;il,2017-11-02 08:44:03,0,-113,32.10572239,35.20142358,654,12,GSM
50:04:b8:32:0c:12,Partner.Home-0C12,[WPA2-PSK-CCMP][ESS],2017-11-02 08:44:05,4,-70,32.10563961,35.20150357,656,11,WIFI
40:b0:34:60:d6:e9,DIRECT-E8-HP DeskJet 3830 series,[WPA2-PSK-CCMP][WPS][ESS],2017-11-02 08:44:05,1,-81,32.10563961,35.20150357,656,11,WIFI
d8:5d:4c:fa:4f:a4,740N-anat-beni,[WPS][ESS],2017-11-02 08:44:05,4,-81,32.10563961,35.20150357,656,11,WIFI
8c:0c:90:2e:16:c8,Ariel_University,[ESS],2017-11-02 08:44:05,11,-81,32.10563961,35.20150357,656,11,WIFI
14:ae:db:46:95:4d,KhouryM,[WPA2-PSK-CCMP][ESS],2017-11-02 08:44:06,11,-83,32.10562066,35.20157143,658,11,WIFI
14:ae:db:46:95:4d,KhouryM,[WPA2-PSK-CCMP][ESS],2017-11-02 08:44:14,11,-70,32.1059441,35.20208195,658,11,WIFI
24:c9:a1:36:53:b8,Ariel_University,[ESS],2017-11-02 08:44:14,6,-62,32.1059441,35.20208195,658,11,WIFI
9e:93:4e:36:11:54,DIRECT-y7Phaser 3020,[WPA2-PSK-CCMP][WPS-AUTH][ESS],2017-11-02 08:44:14,11,-78,32.1059441,35.20208195,658,11,WIFI
24:c9:a1:36:57:28,Ariel_University,[ESS],2017-11-02 08:44:14,11,-76,32.1059441,35.20208195,658,11,WIFI
00:25:86:cc:01:96,KCG_84,[ESS],2017-11-02 08:44:18,2,-68,32.10609311,35.20247308,659,12,WIFI
10:be:f5:43:06:7c,Michal_ro770,[WPA2-PSK-CCMP][ESS],2017-11-02 08:44:18,9,-80,32.10609311,35.20247308,659,12,WIFI
10:be:f5:37:d3:a6,xxyaniv,[WPA2-PSK-TKIP][ESS],2017-11-02 08:44:18,1,-80,32.10609311,35.20247308,659,12,WIFI
00:1a:dd:f5:e9:24,PEPWAVE_C99D,[WPA-PSK-CCMP+TKIP][WPA2-PSK-CCMP+TKIP][ESS],2017-11-02 08:44:18,1,-71,32.10609311,35.20247308,659,12,WIFI
c4:12:f5:fa:15:90,kukula,[WPA2-PSK-CCMP][ESS],2017-11-02 08:44:18,9,-78,32.10609311,35.20247308,659,12,WIFI
5a:12:f5:fa:15:91,BezeqFree,[WPA2-PSK-CCMP][ESS],2017-11-02 08:44:18,9,-80,32.10609311,35.20247308,659,12,WIFI
00:1a:dd:f5:e9:25,Afikim-73925,[ESS],2017-11-02 08:44:18,1,-71,32.10609311,35.20247308,659,12,WIFI
24:c9:a1:35:ba:c8,Ariel_University,[ESS],2017-11-02 08:44:18,1,-81,32.10609311,35.20247308,659,12,WIFI
42502_811_3868449,GOLAN T,UNKNOWN;il,2017-11-02 08:44:18,0,-113,32.10609311,35.20247308,659,12,GSM
50:04:b8:32:0c:12,Partner.Home-0C12,[WPA2-PSK-CCMP][ESS],2017-11-02 08:44:19,4,-70,32.10609599,35.20257583,658,12,WIFI
d8:5d:4c:fa:4f:a4,740N-anat-beni,[WPS][ESS],2017-11-02 08:44:19,4,-81,32.10609599,35.20257583,658,12,WIFI
8c:0c:90:2e:16:c8,Ariel_University,[ESS],2017-11-02 08:44:19,11,-77,32.10609599,35.20257583,658,12,WIFI
24:c9:a1:35:ba:c8,Ariel_University,[ESS],2017-11-02 08:44:22,1,-75,32.10611805,35.20273629,659,12,WIFI
00:1a:dd:f5:e9:24,PEPWAVE_C99D,[WPA-PSK-CCMP+TKIP][WPA2-PSK-CCMP+TKIP][ESS],2017-11-02 08:44:24,1,-64,32.1060672,35.20287641,660,13,WIFI
e0:10:7f:1a:8c:98,Ariel_University,[ESS],2017-11-02 08:44:24,6,-75,32.1060672,35.20287641,660,13,WIFI
14:ae:db:46:95:4d,KhouryM,[WPA2-PSK-CCMP][ESS],2017-11-02 08:44:40,11,-70,32.10622862,35.20414048,663,10,WIFI
24:c9:a1:36:53:b8,Ariel_University,[ESS],2017-11-02 08:44:40,6,-93,32.10622862,35.20414048,663,10,WIFI
00:25:86:cc:01:96,KCG_84,[ESS],2017-11-02 08:44:40,2,-68,32.10622862,35.20414048,663,10,WIFI
8c:0c:90:2e:16:c8,Ariel_University,[ESS],2017-11-02 08:44:40,11,-77,32.10622862,35.20414048,663,10,WIFI
24:c9:a1:36:57:28,Ariel_University,[ESS],2017-11-02 08:44:40,11,-76,32.10622862,35.20414048,663,10,WIFI
00:1a:dd:f5:e9:24,PEPWAVE_C99D,[WPA-PSK-CCMP+TKIP][WPA2-PSK-CCMP+TKIP][ESS],2017-11-02 08:44:40,1,-64,32.10622862,35.20414048,663,10,WIFI
c4:12:f5:fa:15:90,kukula,[WPA2-PSK-CCMP][ESS],2017-11-02 08:44:40,9,-78,32.10622862,35.20414048,663,10,WIFI
5a:12:f5:fa:15:91,BezeqFree,[WPA2-PSK-CCMP][ESS],2017-11-02 08:44:40,9,-80,32.10622862,35.20414048,663,10,WIFI
00:1a:dd:f5:e9:25,Afikim-73925,[ESS],2017-11-02 08:44:40,1,-67,32.10622862,35.20414048,663,10,WIFI
24:c9:a1:35:ba:c8,Ariel_University,[ESS],2017-11-02 08:44:40,1,-76,32.10622862,35.20414048,663,10,WIFI
e0:10:7f:1a:8c:98,Ariel_University,[ESS],2017-11-02 08:44:40,6,-75,32.10622862,35.20414048,663,10,WIFI
24:c9:a1:36:49:68,Ariel_University,[ESS],2017-11-02 08:44:40,11,-79,32.10622862,35.20414048,663,10,WIFI
42502_811_3868449,GOLAN T,UNKNOWN;il,2017-11-02 08:44:40,0,-113,32.10622862,35.20414048,663,10,GSM
24:c9:a1:35:ba:78,Ariel_University,[ESS],2017-11-02 08:44:47,1,-81,32.1062081,35.20459948,666,10,WIFI
00:1a:2f:7f:6b:70,,[WPA2-PSK-CCMP][ESS],2017-11-02 08:44:47,13,-79,32.1062081,35.20459948,666,10,WIFI
02:02:f5:c5:32:ee,RelTele,[WEP][IBSS],2017-11-02 08:44:47,1,-69,32.1062081,35.20459948,666,10,WIFI
f0:3e:90:04:f6:68,Ariel_University,[ESS],2017-11-02 08:44:47,11,-74,32.1062081,35.20459948,666,10,WIFI
8c:0c:90:2e:eb:88,Ariel_University,[ESS],2017-11-02 08:44:47,11,-78,32.1062081,35.20459948,666,10,WIFI
24:c9:a1:36:52:d8,Ariel_University,[ESS],2017-11-02 08:44:47,11,-79,32.1062081,35.20459948,666,10,WIFI
8c:0c:90:2f:77:c8,Ariel_University,[ESS],2017-11-02 08:44:47,11,-79,32.1062081,35.20459948,666,10,WIFI
8c:0c:90:2f:77:18,Ariel_University,[ESS],2017-11-02 08:44:47,1,-80,32.1062081,35.20459948,666,10,WIFI
8c:0c:90:2f:75:c8,Ariel_University,[ESS],2017-11-02 08:44:47,1,-80,32.1062081,35.20459948,666,10,WIFI
24:c9:a1:35:ba:28,Ariel_University,[ESS],2017-11-02 08:44:50,11,-78,32.10620541,35.20472137,664,10,WIFI
24:c9:a1:36:58:e8,Ariel_University,[ESS],2017-11-02 08:44:50,1,-79,32.10620541,35.20472137,664,10,WIFI
94:f6:65:35:22:bc,,[WPA2-PSK-CCMP][ESS],2017-11-02 08:44:58,44,-74,32.10619357,35.20494644,664,10,WIFI
94:f6:65:b5:22:bc,,[WPA2-EAP-CCMP][ESS],2017-11-02 08:44:58,44,-74,32.10619357,35.20494644,664,10,WIFI
c4:12:f5:80:d4:b8,dudu,[WPA2-PSK-CCMP][ESS],2017-11-02 08:44:58,60,-87,32.10619357,35.20494644,664,10,WIFI
02:02:c4:ca:f2:b9,REL-WIFI,[WEP][IBSS],2017-11-02 08:44:58,11,-76,32.10619357,35.20494644,664,10,WIFI
8c:0c:90:2d:7a:98,Ariel_University,[ESS],2017-11-02 08:44:58,1,-69,32.10619357,35.20494644,664,10,WIFI
94:f6:65:75:22:bc,HAPOALIM,[ESS],2017-11-02 08:44:58,44,-74,32.10619357,35.20494644,664,10,WIFI
8c:0c:90:2d:79:58,Ariel_University,[ESS],2017-11-02 08:44:58,1,-76,32.10619357,35.20494644,664,10,WIFI
24:c9:a1:35:ba:78,Ariel_University,[ESS],2017-11-02 08:45:11,1,-80,32.10617851,35.20564928,664,10,WIFI
00:1a:2f:7f:6b:70,,[WPA2-PSK-CCMP][ESS],2017-11-02 08:45:11,13,-78,32.10617851,35.20564928,664,10,WIFI
02:02:f5:c5:32:ee,RelTele,[WEP][IBSS],2017-11-02 08:45:11,1,-72,32.10617851,35.20564928,664,10,WIFI
f0:3e:90:04:f6:68,Ariel_University,[ESS],2017-11-02 08:45:11,11,-77,32.10617851,35.20564928,664,10,WIFI
8c:0c:90:2e:eb:88,Ariel_University,[ESS],2017-11-02 08:45:11,11,-80,32.10617851,35.20564928,664,10,WIFI
24:c9:a1:36:52:d8,Ariel_University,[ESS],2017-11-02 08:45:11,11,-79,32.10617851,35.20564928,664,10,WIFI
8c:0c:90:2f:77:c8,Ariel_University,[ESS],2017-11-02 08:45:11,11,-79,32.10617851,35.20564928,664,10,WIFI
8c:0c:90:2f:77:18,Ariel_University,[ESS],2017-11-02 08:45:11,1,-80,32.10617851,35.20564928,664,10,WIFI
8c:0c:90:2f:75:c8,Ariel_University,[ESS],2017-11-02 08:45:11,1,-80,32.10617851,35.20564928,664,10,WIFI
06:ae:db:4d:4a:85,BezeqFree,[WPA2-PSK-CCMP][ESS],2017-11-02 08:45:11,1,-75,32.10617851,35.20564928,664,10,WIFI
14:ae:db:4d:4a:85,erez1,[WPA2-PSK-CCMP][ESS],2017-11-02 08:45:11,1,-75,32.10617851,35.20564928,664,10,WIFI
8c:0c:90:2d:7a:58,Ariel_University,[ESS],2017-11-02 08:45:11,6,-70,32.10617851,35.20564928,664,10,WIFI
8c:0c:90:2e:0e:88,Ariel_University,[ESS],2017-11-02 08:45:11,6,-73,32.10617851,35.20564928,664,10,WIFI
8c:0c:90:2e:0e:58,Ariel_University,[ESS],2017-11-02 08:45:11,11,-74,32.10617851,35.20564928,664,10,WIFI
f0:3e:90:04:df:c8,Ariel_University,[ESS],2017-11-02 08:45:11,6,-77,32.10617851,35.20564928,664,10,WIFI
24:c9:a1:36:4d:c8,Ariel_University,[ESS],2017-11-02 08:45:11,11,-80,32.10617851,35.20564928,664,10,WIFI
24:c9:a1:36:2a:68,Ariel_University,[ESS],2017-11-02 08:45:11,11,-82,32.10617851,35.20564928,664,10,WIFI
f0:b0:52:3e:c8:1c,Ariel_University,[ESS],2017-11-02 08:45:11,52,-88,32.10617851,35.20564928,664,10,WIFI
42502_811_3868449,GOLAN T,UNKNOWN;il,2017-11-02 08:45:11,0,-113,32.10617851,35.20564928,664,10,GSM
00:1a:2f:7f:6b:70,,[WPA2-PSK-CCMP][ESS],2017-11-02 08:45:24,13,-78,32.10591515,35.20681108,667,12,WIFI
02:02:f5:c5:32:ee,RelTele,[WEP][IBSS],2017-11-02 08:45:24,1,-72,32.10591515,35.20681108,667,12,WIFI
f0:3e:90:04:f6:68,Ariel_University,[ESS],2017-11-02 08:45:24,11,-77,32.10591515,35.20681108,667,12,WIFI
8c:0c:90:2e:eb:88,Ariel_University,[ESS],2017-11-02 08:45:24,11,-80,32.10591515,35.20681108,667,12,WIFI
24:c9:a1:36:52:d8,Ariel_University,[ESS],2017-11-02 08:45:24,11,-79,32.10591515,35.20681108,667,12,WIFI
8c:0c:90:2f:77:c8,Ariel_University,[ESS],2017-11-02 08:45:24,11,-79,32.10591515,35.20681108,667,12,WIFI
8c:0c:90:2f:77:18,Ariel_University,[ESS],2017-11-02 08:45:24,1,-80,32.10591515,35.20681108,667,12,WIFI
8c:0c:90:2f:75:c8,Ariel_University,[ESS],2017-11-02 08:45:24,1,-80,32.10591515,35.20681108,667,12,WIFI
24:c9:a1:35:ba:28,Ariel_University,[ESS],2017-11-02 08:45:24,11,-81,32.10591515,35.20681108,667,12,WIFI
24:c9:a1:36:58:e8,Ariel_University,[ESS],2017-11-02 08:45:24,1,-79,32.10591515,35.20681108,667,12,WIFI
94:f6:65:35:22:bc,,[WPA2-PSK-CCMP][ESS],2017-11-02 08:45:24,44,-74,32.10591515,35.20681108,667,12,WIFI
94:f6:65:b5:22:bc,,[WPA2-EAP-CCMP][ESS],2017-11-02 08:45:24,44,-74,32.10591515,35.20681108,667,12,WIFI
c4:12:f5:80:d4:b8,dudu,[WPA2-PSK-CCMP][ESS],2017-11-02 08:45:24,60,-89,32.10591515,35.20681108,667,12,WIFI
02:02:c4:ca:f2:b9,REL-WIFI,[WEP][IBSS],2017-11-02 08:45:24,11,-76,32.10591515,35.20681108,667,12,WIFI
8c:0c:90:2d:7a:98,Ariel_University,[ESS],2017-11-02 08:45:24,1,-69,32.10591515,35.20681108,667,12,WIFI
94:f6:65:75:22:bc,HAPOALIM,[ESS],2017-11-02 08:45:24,44,-74,32.10591515,35.20681108,667,12,WIFI
8c:0c:90:2d:79:58,Ariel_University,[ESS],2017-11-02 08:45:24,1,-76,32.10591515,35.20681108,667,12,WIFI
06:ae:db:4d:4a:85,BezeqFree,[WPA2-PSK-CCMP][ESS],2017-11-02 08:45:24,1,-75,32.10591515,35.20681108,667,12,WIFI
14:ae:db:4d:4a:85,erez1,[WPA2-PSK-CCMP][ESS],2017-11-02 08:45:24,1,-75,32.10591515,35.20681108,667,12,WIFI
8c:0c:90:2d:7a:58,Ariel_University,[ESS],2017-11-02 08:45:24,6,-76,32.10591515,35.20681108,667,12,WIFI
8c:0c:90:2e:0e:88,Ariel_University,[ESS],2017-11-02 08:45:24,6,-73,32.10591515,35.20681108,667,12,WIFI
8c:0c:90:2e:0e:58,Ariel_University,[ESS],2017-11-02 08:45:24,11,-74,32.10591515,35.20681108,667,12,WIFI
f0:3e:90:04:df:c8,Ariel_University,[ESS],2017-11-02 08:45:24,6,-77,32.10591515,35.20681108,667,12,WIFI
24:c9:a1:36:4d:c8,Ariel_University,[ESS],2017-11-02 08:45:24,11,-80,32.10591515,35.20681108,667,12,WIFI
24:c9:a1:36:2a:68,Ariel_University,[ESS],2017-11-02 08:45:24,11,-82,32.10591515,35.20681108,667,12,WIFI
f0:b0:52:3e:c8:1c,Ariel_University,[ESS],2017-11-02 08:45:24,52,-88,32.10591515,35.20681108,667,12,WIFI
f0:b0:52:3e:d6:f8,Ariel_University,[ESS],2017-11-02 08:45:24,6,-79,32.10591515,35.20681108,667,12,WIFI
42502_811_3868449,GOLAN T,UNKNOWN;il,2017-11-02 08:45:24,0,-113,32.10591515,35.20681108,667,12,GSM
8c:0c:90:2d:7a:58,Ariel_University,[ESS],2017-11-02 08:45:30,6,-70,32.10561146,35.20733807,670,11,WIFI
f0:b0:52:be:d3:77,,[WPA2-PSK-CCMP][ESS],2017-11-02 08:45:30,36,-87,32.10561146,35.20733807,670,11,WIFI
f0:b0:52:3e:ca:d8,Ariel_University,[ESS],2017-11-02 08:45:30,1,-69,32.10561146,35.20733807,670,11,WIFI
f0:b0:52:3e:d4:58,Ariel_University,[ESS],2017-11-02 08:45:30,11,-74,32.10561146,35.20733807,670,11,WIFI
f0:b0:52:3e:ca:38,Ariel_University,[ESS],2017-11-02 08:45:30,11,-75,32.10561146,35.20733807,670,11,WIFI
f0:b0:52:3e:d8:e8,Ariel_University,[ESS],2017-11-02 08:45:30,6,-76,32.10561146,35.20733807,670,11,WIFI
f0:b0:52:3e:d0:38,Ariel_University,[ESS],2017-11-02 08:45:30,11,-78,32.10561146,35.20733807,670,11,WIFI
f0:b0:52:3e:c8:08,Ariel_University,[ESS],2017-11-02 08:45:30,1,-80,32.10561146,35.20733807,670,11,WIFI
f0:b0:52:3e:d6:fc,Ariel_University,[ESS],2017-11-02 08:45:30,44,-85,32.10561146,35.20733807,670,11,WIFI
f0:b0:52:3e:d3:7c,Ariel_University,[ESS],2017-11-02 08:45:30,36,-86,32.10561146,35.20733807,670,11,WIFI
f0:b0:52:3e:d0:3c,Ariel_University,[ESS],2017-11-02 08:45:30,52,-89,32.10561146,35.20733807,670,11,WIFI
00:1a:2f:7f:6b:70,,[WPA2-PSK-CCMP][ESS],2017-11-02 08:45:42,13,-78,32.10479639,35.20783756,672,12,WIFI
02:02:f5:c5:32:ee,RelTele,[WEP][IBSS],2017-11-02 08:45:42,1,-72,32.10479639,35.20783756,672,12,WIFI
f0:3e:90:04:f6:68,Ariel_University,[ESS],2017-11-02 08:45:42,11,-77,32.10479639,35.20783756,672,12,WIFI
8c:0c:90:2e:eb:88,Ariel_University,[ESS],2017-11-02 08:45:42,11,-80,32.10479639,35.20783756,672,12,WIFI
24:c9:a1:36:52:d8,Ariel_University,[ESS],2017-11-02 08:45:42,11,-79,32.10479639,35.20783756,672,12,WIFI
8c:0c:90:2f:77:c8,Ariel_University,[ESS],2017-11-02 08:45:42,11,-79,32.10479639,35.20783756,672,12,WIFI
8c:0c:90:2f:75:c8,Ariel_University,[ESS],2017-11-02 08:45:42,1,-80,32.10479639,35.20783756,672,12,WIFI
24:c9:a1:35:ba:28,Ariel_University,[ESS],2017-11-02 08:45:42,11,-81,32.10479639,35.20783756,672,12,WIFI
24:c9:a1:36:58:e8,Ariel_University,[ESS],2017-11-02 08:45:42,1,-79,32.10479639,35.20783756,672,12,WIFI
94:f6:65:35:22:bc,,[WPA2-PSK-CCMP][ESS],2017-11-02 08:45:42,44,-74,32.10479639,35.20783756,672,12,WIFI
94:f6:65:b5:22:bc,,[WPA2-EAP-CCMP][ESS],2017-11-02 08:45:42,44,-74,32.10479639,35.20783756,672,12,WIFI
c4:12:f5:80:d4:b8,dudu,[WPA2-PSK-CCMP][ESS],2017-11-02 08:45:42,60,-89,32.10479639,35.20783756,672,12,WIFI
02:02:c4:ca:f2:b9,REL-WIFI,[WEP][IBSS],2017-11-02 08:45:42,11,-76,32.10479639,35.20783756,672,12,WIFI
8c:0c:90:2d:7a:98,Ariel_University,[ESS],2017-11-02 08:45:42,1,-69,32.10479639,35.20783756,672,12,WIFI
94:f6:65:75:22:bc,HAPOALIM,[ESS],2017-11-02 08:45:42,44,-74,32.10479639,35.20783756,672,12,WIFI
8c:0c:90:2d:79:58,Ariel_University,[ESS],2017-11-02 08:45:42,1,-76,32.10479639,35.20783756,672,12,WIFI
06:ae:db:4d:4a:85,BezeqFree,[WPA2-PSK-CCMP][ESS],2017-11-02 08:45:42,1,-75,32.10479639,35.20783756,672,12,WIFI
14:ae:db:4d:4a:85,erez1,[WPA2-PSK-CCMP][ESS],2017-11-02 08:45:42,1,-75,32.10479639,35.20783756,672,12,WIFI
8c:0c:90:2e:0e:88,Ariel_University,[ESS],2017-11-02 08:45:42,6,-73,32.10479639,35.20783756,672,12,WIFI
8c:0c:90:2e:0e:58,Ariel_University,[ESS],2017-11-02 08:45:42,11,-74,32.10479639,35.20783756,672,12,WIFI
f0:3e:90:04:df:c8,Ariel_University,[ESS],2017-11-02 08:45:42,6,-77,32.10479639,35.20783756,672,12,WIFI
24:c9:a1:36:4d:c8,Ariel_University,[ESS],2017-11-02 08:45:42,11,-80,32.10479639,35.20783756,672,12,WIFI
24:c9:a1:36:2a:68,Ariel_University,[ESS],2017-11-02 08:45:42,11,-82,32.10479639,35.20783756,672,12,WIFI
f0:b0:52:3e:c8:1c,Ariel_University,[ESS],2017-11-02 08:45:42,52,-88,32.10479639,35.20783756,672,12,WIFI
f0:b0:52:3e:d6:f8,Ariel_University,[ESS],2017-11-02 08:45:42,6,-74,32.10479639,35.20783756,672,12,WIFI
ec:8c:a2:09:da:68,Ariel_University,[ESS],2017-11-02 08:45:42,6,-74,32.10479639,35.20783756,672,12,WIFI
42502_811_3868449,GOLAN T,UNKNOWN;il,2017-11-02 08:45:42,0,-113,32.10479639,35.20783756,672,12,GSM
f0:b0:52:be:d3:77,,[WPA2-PSK-CCMP][ESS],2017-11-02 08:45:54,36,-87,32.10471947,35.2083802,675,11,WIFI
f0:b0:52:3e:ca:d8,Ariel_University,[ESS],2017-11-02 08:45:54,1,-69,32.10471947,35.2083802,675,11,WIFI
f0:b0:52:3e:d4:58,Ariel_University,[ESS],2017-11-02 08:45:54,11,-74,32.10471947,35.2083802,675,11,WIFI
f0:b0:52:3e:ca:38,Ariel_University,[ESS],2017-11-02 08:45:54,11,-75,32.10471947,35.2083802,675,11,WIFI
f0:b0:52:3e:d8:e8,Ariel_University,[ESS],2017-11-02 08:45:54,6,-76,32.10471947,35.2083802,675,11,WIFI
f0:b0:52:3e:d0:38,Ariel_University,[ESS],2017-11-02 08:45:54,11,-78,32.10471947,35.2083802,675,11,WIFI
f0:b0:52:3e:c8:08,Ariel_University,[ESS],2017-11-02 08:45:54,1,-80,32.10471947,35.2083802,675,11,WIFI
f0:b0:52:3e:d6:fc,Ariel_University,[ESS],2017-11-02 08:45:54,44,-85,32.10471947,35.2083802,675,11,WIFI
f0:b0:52:3e:d3:7c,Ariel_University,[ESS],2017-11-02 08:45:54,36,-86,32.10471947,35.2083802,675,11,WIFI
f0:b0:52:3e:d0:3c,Ariel_University,[ESS],2017-11-02 08:45:54,52,-89,32.10471947,35.2083802,675,11,WIFI
ec:8c:a2:26:d3:c8,Ariel_University,[ESS],2017-11-02 08:45:54,1,-74,32.10471947,35.2083802,675,11,WIFI
24:1f:a0:1d:48:fb,HUAWEI_Grace_A9A9,[WPA2-PSK-CCMP][ESS],2017-11-02 08:45:56,6,-83,32.10476492,35.20851231,675,12,WIFI
00:1a:2f:7f:6b:70,,[WPA2-PSK-CCMP][ESS],2017-11-02 08:46:04,13,-87,32.10507958,35.20888682,680,10,WIFI
00:1a:dd:e3:0c:85,,[ESS],2017-11-02 08:46:04,10,-79,32.10507958,35.20888682,680,10,WIFI
00:1a:dd:e3:0c:84,Wirless-Afikim,[ESS],2017-11-02 08:46:04,10,-82,32.10507958,35.20888682,680,10,WIFI
42502_811_3868449,GOLAN T,UNKNOWN;il,2017-11-02 08:46:04,0,-113,32.10507958,35.20888682,680,10,GSM
02:02:f5:c5:32:ee,RelTele,[WEP][IBSS],2017-11-02 08:46:07,1,-79,32.10519269,35.20905077,682,10,WIFI
1c:b9:c4:15:44:58,Ariel_University,[ESS],2017-11-02 08:46:07,11,-82,32.10519269,35.20905077,682,10,WIFI
1c:b9:c4:16:05:38,Ariel_University,[ESS],2017-11-02 08:46:07,11,-83,32.10519269,35.20905077,682,10,WIFI
00:1a:2f:7f:6b:70,,[WPA2-PSK-CCMP][ESS],2017-11-02 08:46:19,13,-78,32.10540109,35.20932262,685,10,WIFI
00:1a:dd:e3:0c:84,Wirless-Afikim,[ESS],2017-11-02 08:46:19,10,-73,32.10540109,35.20932262,685,10,WIFI
1c:b9:c4:95:42:67,,[WPA2-PSK-CCMP][ESS],2017-11-02 08:46:19,44,-85,32.10540109,35.20932262,685,10,WIFI
02:02:c4:ca:f2:b9,REL-WIFI,[WEP][IBSS],2017-11-02 08:46:19,11,-75,32.10540109,35.20932262,685,10,WIFI
1c:b9:c4:15:42:6c,Ariel_University,[ESS],2017-11-02 08:46:19,44,-86,32.10540109,35.20932262,685,10,WIFI
00:1a:dd:f5:05:e5,Afikim_Wifi,[ESS],2017-11-02 08:46:19,6,-86,32.10540109,35.20932262,685,10,WIFI
00:1a:2f:7f:6b:70,,[WPA2-PSK-CCMP][ESS],2017-11-02 08:46:23,13,-71,32.10551342,35.20948711,684,9,WIFI
1c:b9:c4:16:06:e8,Ariel_University,[ESS],2017-11-02 08:46:23,11,-82,32.10551342,35.20948711,684,9,WIFI
42502_811_3868447,GOLAN T,UNKNOWN;il,2017-11-02 08:46:23,0,-113,32.10551342,35.20948711,684,9,GSM
00:1a:dd:e3:0c:85,,[ESS],2017-11-02 08:46:33,10,-74,32.10574796,35.21002725,683,11,WIFI
1c:b9:c4:15:44:58,Ariel_University,[ESS],2017-11-02 08:46:33,11,-77,32.10574796,35.21002725,683,11,WIFI
00:11:6b:11:7d:c7,yosh,[ESS],2017-11-02 08:46:33,13,-85,32.10574796,35.21002725,683,11,WIFI
02:02:f5:c5:32:ee,RelTele,[WEP][IBSS],2017-11-02 08:46:34,1,-75,32.10577026,35.21008007,683,11,WIFI
1c:b9:c4:16:06:e8,Ariel_University,[ESS],2017-11-02 08:46:34,11,-77,32.10577026,35.21008007,683,11,WIFI
00:27:22:f3:a6:9a,,[ESS],2017-11-02 08:46:37,1,-80,32.10583661,35.21027773,686,10,WIFI
1c:b9:c4:14:2f:a8,Ariel_University,[ESS],2017-11-02 08:46:37,1,-85,32.10583661,35.21027773,686,10,WIFI
00:1a:dd:e3:0c:84,Wirless-Afikim,[ESS],2017-11-02 08:46:38,10,-69,32.10585941,35.2103456,685,11,WIFI
1c:b9:c4:95:42:67,,[WPA2-PSK-CCMP][ESS],2017-11-02 08:46:38,44,-85,32.10585941,35.2103456,685,11,WIFI
02:02:c4:ca:f2:b9,REL-WIFI,[WEP][IBSS],2017-11-02 08:46:38,11,-71,32.10585941,35.2103456,685,11,WIFI
1c:b9:c4:15:42:6c,Ariel_University,[ESS],2017-11-02 08:46:38,44,-86,32.10585941,35.2103456,685,11,WIFI
00:1a:dd:f5:05:e5,Afikim_Wifi,[ESS],2017-11-02 08:46:38,6,-86,32.10585941,35.2103456,685,11,WIFI
00:1a:2f:7f:6b:70,,[WPA2-PSK-CCMP][ESS],2017-11-02 08:46:41,13,-77,32.10576376,35.21072929,685,14,WIFI
00:27:22:f3:e2:f3,,[ESS],2017-11-02 08:46:41,6,-76,32.10576376,35.21072929,685,14,WIFI
00:1a:dd:e3:19:e4,afikim-wifi,[ESS],2017-11-02 08:46:41,1,-81,32.10576376,35.21072929,685,14,WIFI
00:1a:dd:f4:ef:85,Afikim_Wifi,[ESS],2017-11-02 08:46:41,6,-86,32.10576376,35.21072929,685,14,WIFI
42502_811_3868447,GOLAN T,UNKNOWN;il,2017-11-02 08:46:41,0,-113,32.10576376,35.21072929,685,14,GSM
10:be:f5:36:02:e2,TOP-SECRET,[WPA-PSK-CCMP+TKIP][WPA2-PSK-CCMP+TKIP][ESS],2017-11-02 08:46:45,3,-77,32.10595887,35.21089272,686,15,WIFI
00:1a:dd:f4:f7:a5,Afikim_Wifi,[ESS],2017-11-02 08:46:45,4,-82,32.10595887,35.21089272,686,15,WIFI
1c:b9:c4:15:42:68,Ariel_University,[ESS],2017-11-02 08:46:58,11,-77,32.10541317,35.21078787,684,12,WIFI
1c:b9:c4:15:44:5c,Ariel_University,[ESS],2017-11-02 08:47:00,44,-81,32.10534575,35.21075348,676,12,WIFI
10:be:f5:36:02:e2,TOP-SECRET,[WPA-PSK-CCMP+TKIP][WPA2-PSK-CCMP+TKIP][ESS],2017-11-02 08:47:17,3,-77,32.1049207,35.2098099,665,12,WIFI
00:1a:dd:f4:f7:a5,Afikim_Wifi,[ESS],2017-11-02 08:47:17,4,-82,32.1049207,35.2098099,665,12,WIFI
f8:d1:11:77:75:4e,iAgree,[WPA-PSK-CCMP+TKIP][WPA2-PSK-CCMP+TKIP][WPS][ESS],2017-11-02 08:47:17,7,-73,32.1049207,35.2098099,665,12,WIFI
f8:e9:03:12:ef:3c,ShapeDo-5GHz,[WPA2-PSK-CCMP][ESS],2017-11-02 08:47:17,48,-79,32.1049207,35.2098099,665,12,WIFI
00:11:6b:2a:90:3c,Cartiheal,[WPA-PSK-CCMP+TKIP][WPA2-PSK-CCMP+TKIP][WPS][ESS],2017-11-02 08:47:17,11,-75,32.1049207,35.2098099,665,12,WIFI
d0:bf:9c:db:31:30,HP-Print-30-Officejet 7610,[WPA2-PSK-CCMP][ESS],2017-11-02 08:47:17,1,-76,32.1049207,35.2098099,665,12,WIFI
1c:b9:c4:96:05:37,,[WPA2-PSK-CCMP][ESS],2017-11-02 08:47:17,44,-81,32.1049207,35.2098099,665,12,WIFI
f8:e9:03:12:ef:3b,ShapeDo,[WPA2-PSK-CCMP][ESS],2017-11-02 08:47:17,1,-80,32.1049207,35.2098099,665,12,WIFI
c4:12:f5:85:27:b8,Neuropplied,[WPA2-PSK-CCMP][ESS],2017-11-02 08:47:17,11,-82,32.1049207,35.2098099,665,12,WIFI
c4:12:f5:85:35:77,256_853572_5G,[WPA2-PSK-CCMP][ESS],2017-11-02 08:47:17,60,-87,32.1049207,35.2098099,665,12,WIFI
c4:12:f5:85:35:78,incentive2,[WPA2-PSK-CCMP][ESS],2017-11-02 08:47:17,11,-85,32.1049207,35.2098099,665,12,WIFI
1c:b9:c4:16:05:38,Ariel_University,[ESS],2017-11-02 08:47:17,11,-74,32.1049207,35.2098099,665,12,WIFI
1c:b9:c4:16:05:3c,Ariel_University,[ESS],2017-11-02 08:47:17,44,-81,32.1049207,35.2098099,665,12,WIFI
f0:b0:52:3e:d6:f8,Ariel_University,[ESS],2017-11-02 08:47:17,6,-80,32.1049207,35.2098099,665,12,WIFI
1c:b9:c4:15:23:5c,Ariel_University,[ESS],2017-11-02 08:47:17,36,-87,32.1049207,35.2098099,665,12,WIFI
00:1a:dd:e3:0c:85,,[ESS],2017-11-02 08:47:32,10,-78,32.10457594,35.20928228,675,12,WIFI
00:1a:dd:e3:0c:84,Wirless-Afikim,[ESS],2017-11-02 08:47:32,10,-77,32.10457594,35.20928228,675,12,WIFI
00:27:22:f3:e2:f3,,[ESS],2017-11-02 08:47:32,6,-74,32.10457594,35.20928228,675,12,WIFI
1c:b9:c4:15:44:58,Ariel_University,[ESS],2017-11-02 08:47:32,11,-81,32.10457594,35.20928228,675,12,WIFI
1c:b9:c4:15:44:5c,Ariel_University,[ESS],2017-11-02 08:47:32,44,-81,32.10457594,35.20928228,675,12,WIFI
00:11:6b:11:7d:c7,yosh,[ESS],2017-11-02 08:47:32,13,-82,32.10457594,35.20928228,675,12,WIFI
24:79:2a:2c:5b:d8,Ariel_University,[ESS],2017-11-02 08:47:32,1,-79,32.10457594,35.20928228,675,12,WIFI
ec:8c:a2:26:d3:68,Ariel_University,[ESS],2017-11-02 08:47:38,11,-78,32.10460634,35.20935622,679,10,WIFI
1c:b9:c4:15:42:68,Ariel_University,[ESS],2017-11-02 08:47:38,11,-82,32.10460634,35.20935622,679,10,WIFI
1c:b9:c4:95:44:57,,[WPA2-PSK-CCMP][ESS],2017-11-02 08:47:44,44,-82,32.10464979,35.20934908,683,10,WIFI
00:1a:dd:f5:e3:24,,[ESS],2017-11-02 08:47:44,13,-87,32.10464979,35.20934908,683,10,WIFI
00:1a:2f:7f:6b:70,,[WPA2-PSK-CCMP][ESS],2017-11-02 08:47:56,13,-86,32.10463693,35.20935989,683,10,WIFI
